[
    {
      "type": "colour_picker",
      "message0": "%1",
      "args0": [
        {
          "type": "field_colour",
          "name": "COLOUR",
          "colour": "#ff0000"
        }
      ],
      "output": "Colour",
      "colour": "%{BKY_COLOUR_HUE}",
      "helpUrl": "%{BKY_COLOUR_PICKER_HELPURL}",
      "tooltip": "%{BKY_COLOUR_PICKER_TOOLTIP}",
      "extensions": ["parent_tooltip_when_inline"]
    },

    {
      "type": "colour_random",
      "message0": "%{BKY_COLOUR_RANDOM_TITLE}",
      "output": "Colour",
      "colour": "%{BKY_COLOUR_HUE}",
      "helpUrl": "%{BKY_COLOUR_RANDOM_HELPURL}",
      "tooltip": "%{BKY_COLOUR_RANDOM_TOOLTIP}"
    },

    {
      "type": "colour_rgb",
      "message0": "%{BKY_COLOUR_RGB_TITLE} %{BKY_COLOUR_RGB_RED} %1 %{BKY_COLOUR_RGB_GREEN} %2 %{BKY_COLOUR_RGB_BLUE} %3",
      "args0": [
        {
          "type": "input_value",
          "name": "RED",
          "check": "Number",
          "align": "RIGHT"
        },
        {
          "type": "input_value",
          "name": "GREEN",
          "check": "Number",
          "align": "RIGHT"
        },
        {
          "type": "input_value",
          "name": "BLUE",
          "check": "Number",
          "align": "RIGHT"
        }
      ],
      "output": "Colour",
      "colour": "%{BKY_COLOUR_HUE}",
      "helpUrl": "%{BKY_COLOUR_RGB_HELPURL}",
      "tooltip": "%{BKY_COLOUR_RGB_TOOLTIP}"
    },

    {
      "type": "colour_blend",
      "message0": "%{BKY_COLOUR_BLEND_TITLE} %{BKY_COLOUR_BLEND_COLOUR1} %1 %{BKY_COLOUR_BLEND_COLOUR2} %2 %{BKY_COLOUR_BLEND_RATIO} %3",
      "args0": [
        {
          "type": "input_value",
          "name": "COLOUR1",
          "check": "Colour",
          "align": "RIGHT"
        },
        {
          "type": "input_value",
          "name": "COLOUR2",
          "check": "Colour",
          "align": "RIGHT"
        },
        {
          "type": "input_value",
          "name": "RATIO",
          "check": "Number",
          "align": "RIGHT"
        }
      ],
      "output": "Colour",
      "colour": "%{BKY_COLOUR_HUE}",
      "helpUrl": "%{BKY_COLOUR_BLEND_HELPURL}",
      "tooltip": "%{BKY_COLOUR_BLEND_TOOLTIP}"
    }
]
