[
  {
    "type": "lists_create_empty",
    "message0": "%{BKY_LISTS_CREATE_EMPTY_TITLE}",
    "output": "Array",
    "colour": "%{BKY_LISTS_HUE}",
    "tooltip": "%{BKY_LISTS_CREATE_EMPTY_TOOLTIP}",
    "helpUrl": "%{BKY_LISTS_CREATE_EMPTY_HELPURL}"
  },
  
  {
    "type": "lists_create_with",
    "message0": "%{BKY_LISTS_CREATE_WITH_INPUT_WITH}",
    "mutator": "lists_create_with_item_mutator",
    "output": "Array",
    "colour": "260",
    "tooltip": "%{BKY_LISTS_CREATE_WITH_TOOLTIP}",
    "helpUrl": "%{BKY_LISTS_CREATE_WITH_HELPURL}"
  },
  
  {
    "type": "lists_repeat",
    "message0": "%{BKY_LISTS_REPEAT_TITLE}",
    "args0": [
      {
        "type": "input_value",
        "name": "ITEM"
      },
      {
        "type": "input_value",
        "name": "NUM",
        "check": "Number"
      }
    ],
    "output": "Array",
    "colour": "%{BKY_LISTS_HUE}",
    "tooltip": "%{BKY_LISTS_REPEAT_TOOLTIP}",
    "helpUrl": "%{BKY_LISTS_REPEAT_HELPURL}"
  },

  {
    "type": "lists_reverse",
    "message0": "%{BKY_LISTS_REVERSE_MESSAGE0}",
    "args0": [
      {
        "type": "input_value",
        "name": "LIST",
        "check": "Array"
      }
    ],
    "output": "Array",
    "inputsInline": true,
    "colour": "%{BKY_LISTS_HUE}",
    "tooltip": "%{BKY_LISTS_REVERSE_TOOLTIP}",
    "helpUrl": "%{BKY_LISTS_REVERSE_HELPURL}"
  },

  {
    "type": "lists_isEmpty",
    "message0": "%{BKY_LISTS_ISEMPTY_TITLE}",
    "args0": [
      {
        "type": "input_value",
        "name": "VALUE",
        "check": ["String", "Array"]
      }
    ],
    "output": "Boolean",
    "colour": "%{BKY_LISTS_HUE}",
    "tooltip": "%{BKY_LISTS_ISEMPTY_TOOLTIP}",
    "helpUrl": "%{BKY_LISTS_ISEMPTY_HELPURL}"
  },

  {
    "type": "lists_length",
    "message0": "%{BKY_LISTS_LENGTH_TITLE}",
    "args0": [
      {
        "type": "input_value",
        "name": "VALUE",
        "check": ["String", "Array"]
      }
    ],
    "output": "Number",
    "colour": "%{BKY_LISTS_HUE}",
    "tooltip": "%{BKY_LISTS_LENGTH_TOOLTIP}",
    "helpUrl": "%{BKY_LISTS_LENGTH_HELPURL}"
  },
  
  {
    "type": "lists_indexOf",
    "message0": "%{BKY_LISTS_GET_INDEX_INPUT_IN_LIST} %1 %{BKY_LISTS_INDEX_FIND} %2 %{BKY_LISTS_INDEX_OF_OCCURANCE} %3",
    "args0": [
      {
        "type": "input_value",
        "name": "VALUE",
        "check": ["String", "Array"]
      },
      {
        "type": "field_dropdown",
        "name": "END",
        "options": [
          ["%{BKY_LISTS_INDEX_OF_FIRST}", "FIRST"],
          ["%{BKY_LISTS_INDEX_OF_LAST}", "LAST"]
        ]
      },
      {
        "type": "input_value",
        "name": "FIND"
      }
    ],
    "output": "Number",
    "inputsInline": true,
    "colour": "%{BKY_LISTS_HUE}",
    "tooltip": "%{BKY_LISTS_INDEX_OF_TOOLTIP}",
    "helpUrl": "%{BKY_LISTS_INDEX_OF_HELPURL}"
  },
  
  {
    "type": "lists_getIndex",
    "message0": "%{BKY_LISTS_GET_INDEX_INPUT_IN_LIST} %1 %2 %3 %4 %5",
    "args0": [
      {
        "type": "input_value",
        "name": "VALUE",
        "check": "Array"
      },
      {
        "type": "field_dropdown",
        "name": "MODE",
        "options": [
          ["%{BKY_LISTS_GET_INDEX_GET}", "GET"],
          ["%{BKY_LISTS_GET_INDEX_GET_REMOVE}", "GET_REMOVE"]
        ]
      },
      {
        "type": "field_dropdown",
        "name": "WHERE",
        "options": [
          ["%{BKY_LISTS_GET_INDEX_FROM_START}", "FROM_START"],
          ["%{BKY_LISTS_GET_INDEX_FROM_END}", "FROM_END"],
          ["%{BKY_LISTS_GET_INDEX_FIRST}", "FIRST"],
          ["%{BKY_LISTS_GET_INDEX_LAST}", "LAST"],
          ["%{BKY_LISTS_GET_INDEX_RANDOM}", "RANDOM"]
        ]
      },
      {
        "type": "input_dummy"
      },
      {
        "type": "input_dummy",
        "name": "AT"
      }
    ],
    "mutator": "index_at_mutator",
    "inputsInline": true,
    "output": null,
    "colour": "%{BKY_LISTS_HUE}",
    "helpUrl": "%{BKY_LISTS_GET_INDEX_HELPURL}"
  },
  {
    "type": "lists_removeIndex",
    "message0": "%{BKY_LISTS_GET_INDEX_INPUT_IN_LIST} %1 %{BKY_LISTS_GET_INDEX_REMOVE} %2 %3 %4",
    "args0": [
      {
        "type": "input_value",
        "name": "VALUE",
        "check": "Array"
      },
      {
        "type": "field_dropdown",
        "name": "WHERE",
        "options": [
          ["%{BKY_LISTS_GET_INDEX_FROM_START}", "FROM_START"],
          ["%{BKY_LISTS_GET_INDEX_FROM_END}", "FROM_END"],
          ["%{BKY_LISTS_GET_INDEX_FIRST}", "FIRST"],
          ["%{BKY_LISTS_GET_INDEX_LAST}", "LAST"],
          ["%{BKY_LISTS_GET_INDEX_RANDOM}", "RANDOM"]
        ]
      },
      {
        "type": "input_dummy"
      },
      {
        "type": "input_dummy",
        "name": "AT"
      }
    ],
    "mutator": "index_at_mutator",
    "inputsInline": true,
    "previousStatement": null,
    "nextStatement": null,
    "colour": "%{BKY_LISTS_HUE}",
    "helpUrl": "%{BKY_LISTS_GET_INDEX_HELPURL}"
  },
  {
    "type": "lists_setIndex",
    "message0": "%{BKY_LISTS_SET_INDEX_INPUT_IN_LIST} %1 %2 %3 %4 %5 %{BKY_LISTS_SET_INDEX_INPUT_TO} %6",
    "args0": [
      {
        "type": "input_value",
        "name": "LIST",
        "check": "Array"
      },
      {
        "type": "field_dropdown",
        "name": "MODE",
        "options": [
          ["%{BKY_LISTS_SET_INDEX_SET}", "SET"],
          ["%{BKY_LISTS_SET_INDEX_INSERT}", "INSERT"]
        ]
      },
      {
        "type": "field_dropdown",
        "name": "WHERE",
        "options": [
          ["%{BKY_LISTS_GET_INDEX_FROM_START}", "FROM_START"],
          ["%{BKY_LISTS_GET_INDEX_FROM_END}", "FROM_END"],
          ["%{BKY_LISTS_GET_INDEX_FIRST}", "FIRST"],
          ["%{BKY_LISTS_GET_INDEX_LAST}", "LAST"],
          ["%{BKY_LISTS_GET_INDEX_RANDOM}", "RANDOM"]
        ]
      },
      {
        "type": "input_dummy"
      },
      {
        "type": "input_dummy",
        "name": "AT"
      },
      {
        "type": "input_value",
        "name": "TO"
      }
    ],
    "mutator": "index_at_mutator",
    "inputsInline": true,
    "previousStatement": null,
    "nextStatement": null,
    "colour": "%{BKY_LISTS_HUE}",
    "helpUrl": "%{BKY_LISTS_SET_INDEX_HELPURL}"
  },
  {
    "type": "lists_getSublist",
    "message0": "%{BKY_LISTS_INLIST} %1 %2 %3 %4 %5 %6 %7",
    "args0": [
      {
        "type": "input_value",
        "name": "LIST",
        "check": "Array"
      },
      {
        "type": "field_dropdown",
        "name": "WHERE1",
        "options": [
          ["%{BKY_LISTS_GET_SUBLIST_START_FROM_START}", "FROM_START"],
          ["%{BKY_LISTS_GET_SUBLIST_START_FROM_END}", "FROM_END"],
          ["%{BKY_LISTS_GET_SUBLIST_START_FIRST}", "FIRST"]
        ]
      },
      {
        "type": "input_dummy"
      },
      {
        "type": "input_dummy",
        "name": "AT1"
      },
      {
        "type": "field_dropdown",
        "name": "WHERE2",
        "options": [
          ["%{BKY_LISTS_GET_SUBLIST_END_FROM_START}", "FROM_START"],
          ["%{BKY_LISTS_GET_SUBLIST_END_FROM_END}", "FROM_END"],
          ["%{BKY_LISTS_GET_SUBLIST_END_LAST}", "LAST"]
        ]
      },
      {
        "type": "input_dummy"
      },
      {
        "type": "input_dummy",
        "name": "AT2"
      }
    ],
    "mutator": "index_at_mutator",
    "inputsInline": true,
    "output": "Array",
    "colour": "260",
    "tooltip": "Creates a copy of the specified portion of a list."
  },
  {
    "type": "lists_sort",
    "message0": "%{BKY_LISTS_SORT_TITLE}",
    "args0": [
      {
        "type": "field_dropdown",
        "name": "TYPE",
        "options": [
          ["%{BKY_LISTS_SORT_TYPE_NUMERIC}", "NUMERIC"],
          ["%{BKY_LISTS_SORT_TYPE_TEXT}", "TEXT"],
          ["%{BKY_LISTS_SORT_TYPE_IGNORECASE}", "IGNORE_CASE"]
        ]
      },
      {
        "type": "field_dropdown",
        "name": "DIRECTION",
        "options": [
          ["%{BKY_LISTS_SORT_ORDER_ASCENDING}", "1"],
          ["%{BKY_LISTS_SORT_ORDER_DESCENDING}", "-1"]
        ]
      },
      {
        "type": "input_value",
        "name": "LIST",
        "check": "Array"
      }
    ],
    "output": "Array",
    "colour": "%{BKY_LISTS_HUE}",
    "tooltip": "%{BKY_LISTS_SORT_TOOLTIP}",
    "helpUrl": "%{BKY_LISTS_SORT_HELPURL}"
  },
  
  {
    "type": "lists_split_from_text",
    "message0": "%{BKY_LISTS_SPLIT_LIST_FROM_TEXT} %1 %{BKY_LISTS_SPLIT_WITH_DELIMITER} %2",
    "args0": [      
      {
        "type": "input_value",
        "name": "INPUT",
        "check": "String"
      },
      {
        "type": "input_value",
        "name": "DELIM",
        "check": "String"
      }
    ],
    "output": "Array",
    "inputsInline": true,
    "colour": "%{BKY_LISTS_HUE}",
    "tooltip": "%{BKY_LISTS_SPLIT_TOOLTIP_SPLIT}",
    "helpUrl": "%{BKY_LISTS_SPLIT_HELPURL}"
  },
  {
    "type": "lists_join_text",
    "message0": "%{BKY_LISTS_SPLIT_TEXT_FROM_LIST} %1 %{BKY_LISTS_SPLIT_WITH_DELIMITER} %2",
    "args0": [     
      {
        "type": "input_value",
        "name": "INPUT",
        "check": "Array"
      },
      {
        "type": "input_value",
        "name": "DELIM",
        "check": "String"
      }
    ],
    "output": "String",
    "inputsInline": true,
    "colour": "%{BKY_LISTS_HUE}",
    "tooltip": "%{BKY_LISTS_SPLIT_TOOLTIP_SPLIT}",
    "helpUrl": "%{BKY_LISTS_SPLIT_HELPURL}"
  }
]