[
  {
    "type": "variables_get",
    "message0": "%1",
    "args0": [
      {
        "type": "field_variable",
        "name": "VAR"
      }
    ],
    "output": null,
    "colour": "%{BKY_VARIABLES_HUE}",
    "helpUrl": "%{BKY_VARIABLES_GET_HELPURL}",
    "tooltip": "%{BKY_VARIABLES_GET_TOOLTIP}",
    "extensions": ["contextMenu_variableSetterGetter"]
  },

  {
    "type": "variables_set",
    "message0": "%{BKY_VARIABLES_SET}",
    "args0": [
      {
        "type": "field_variable",
        "name": "VAR"
      },
      {
        "type": "input_value",
        "name": "VALUE"
      }
    ],
    "previousStatement": null,
    "nextStatement": null,
    "colour": "%{BKY_VARIABLES_HUE}",
    "tooltip": "%{BKY_VARIABLES_SET_TOOLTIP}",
    "helpUrl": "%{BKY_VARIABLES_SET_HELPURL}",
    "extensions": ["contextMenu_variableSetterGetter"]
  },
  
  {
    "type": "variables_change",
    "message0": "%{BKY_VARIABLES_CHANGE_TITLE}",
    "args0": [
      {
        "type": "field_variable",
        "name": "VAR",
        "variable": "%{BKY_VARIABLES_CHANGE_TITLE_ITEM}"
      },
      {
        "type": "input_value",
        "name": "VAR",
        "check": "Number"
      }
    ],
    "previousStatement": null,
    "nextStatement": null,
  }
]